<?xml version="1.0" encoding="UTF-8"?>
<project-private xmlns="http://www.netbeans.org/ns/project-private/1">
    <editor-bookmarks xmlns="http://www.netbeans.org/ns/editor-bookmarks/2" lastBookmarkId="0"/>
    <open-files xmlns="http://www.netbeans.org/ns/projectui-open-files/2">
        <group>
            <file>file:/home/joanmi/NetBeansProjects/ExercicisNadal/src/exercicisnadal/pythagoreanTriplet.java</file>
            <file>file:/home/joanmi/NetBeansProjects/ExercicisNadal/src/exercicisnadal/palindromo3Cifras.java</file>
            <file>file:/home/joanmi/NetBeansProjects/ExercicisNadal/src/exercicisnadal/LargeSum.java</file>
            <file>file:/home/joanmi/NetBeansProjects/ExercicisNadal/src/exercicisnadal/largestProduct.java</file>
            <file>file:/home/joanmi/NetBeansProjects/ExercicisNadal/src/exercicisnadal/cribaErastotenes.java</file>
            <file>file:/home/joanmi/NetBeansProjects/ExercicisNadal/src/exercicisnadal/TriangularNumbers.java</file>
            <file>file:/home/joanmi/NetBeansProjects/ExercicisNadal/src/exercicisnadal/calcPositionPrime.java</file>
            <file>file:/home/joanmi/NetBeansProjects/ExercicisNadal/src/exercicisnadal/LargestProduct.java</file>
            <file>file:/home/joanmi/NetBeansProjects/ExercicisNadal/src/exercicisnadal/primeFactor.java</file>
            <file>file:/home/joanmi/NetBeansProjects/ExercicisNadal/src/exercicisnadal/fibonacci.java</file>
            <file>file:/home/joanmi/NetBeansProjects/ExercicisNadal/src/exercicisnadal/SumationofPrimes.java</file>
        </group>
    </open-files>
</project-private>
